"  [ 145.093407346737507, -37.893482184816342 ] "
"  [ 143.790979162649307, -38.073002063639741 ] "
"  [ 146.01343397566194, -36.026082485283816 ] "
"  [ 146.01343397566194, -36.026082485283816 ] "
"  [ 145.091438479974556, -37.104500278487528 ] "
"  [ 145.73204901923657, -37.207829715476599 ] "
"  [ 143.773430009204503, -38.301750468258106 ] "
"  [ 142.010959841662839, -36.698429992537747 ] "
"  [ 149.534331660649514, -37.503881566257398 ] "
"  [ 142.024252515786486, -37.87618025544753 ] "
"  [ 144.556490766295099, -37.481209329235604 ] "
"  [ 145.000799425930893, -37.6937232750441 ] "
"  [ 144.939179399500034, -37.714145793715652 ] "
"  [ 144.495029735382275, -37.383699577097502 ] "
"  [ 142.034392546437317, -36.234400012806837 ] "
"  [ 142.034392546437317, -36.234400012806837 ] "
"  [ 145.060539606312659, -37.700202644980756 ] "
"  [ 145.05233995053544, -37.596020219848505 ] "
"  [ 144.990046521618098, -37.87000959293195 ] "
"  [ 144.855590497268395, -37.854300049115473 ] "
"  [ 144.77150827551668, -37.867855788353623 ] "
"  [ 142.862549350423336, -36.128649923990338 ] "
"  [ 144.898978208865657, -37.769777750140364 ] "
"  [ 144.670249989805683, -37.34540964850305 ] "
"  [ 144.906179952039963, -38.367881006694773 ] "
"  [ 144.906179952039963, -38.367881006694773 ] "
"  [ 145.137946645992827, -38.020667975614607 ] "
"  [ 144.356641793206165, -38.090030219261472 ] "
"  [ 144.92781048682798, -37.597506961951616 ] "
"  [ 145.318314626198742, -36.691530000259164 ] "
"  [ 147.864839715205477, -37.820922282656802 ] "
"  [ 145.352918370725263, -37.664619795605844 ] "
"  [ 146.692713279153935, -38.27539872914334 ] "
"  [ 146.013649166891383, -36.541718737929784 ] "
"  [ 148.026810264024419, -37.86169024707776 ] "
"  [ 145.316296586926342, -38.087274193251652 ] "
"  [ 143.14625942072044, -38.210800923811142 ] "
"  [ 142.455158262853047, -38.36160334817189 ] "
"  [ 141.622442938235935, -38.221888920123654 ] "
"  [ 145.544793335498298, -38.096434329461836 ] "
"  [ 145.309294456942183, -37.893489071584703 ] "
"  [ 145.021829807156905, -37.8029799198859 ] "
"  [ 145.215834219725195, -38.233680503453442 ] "
"  [ 145.213099805098352, -38.02584997006398 ] "
"  [ 144.812931288915792, -36.122852814199859 ] "
"  [ 144.048577019654346, -38.290579628744545 ] "
"  [ 145.251717512318379, -38.006449502393366 ] "
"  [ 145.144790579995089, -37.851566994118336 ] "
"  [ 144.318587001680783, -38.321839642762811 ] "
"  [ 145.396068173049855, -36.60457146920794 ] "
"  [ 145.422751133264228, -37.687820128253605 ] "
"  [ 143.075794162853839, -37.683101164926533 ] "
"  [ 145.094540039117419, -37.703682084784234 ] "
"  [ 145.403749039460365, -37.52709900806417 ] "
"  [ 145.136168178712865, -37.900422272570104 ] "
"  [ 145.73102065679484, -36.143859715049409 ] "
"  [ 145.103558976264651, -36.298744432704858 ] "
"  [ 143.702240431105793, -36.478189591100971 ] "
"  [ 145.474971206640703, -38.072780159539811 ] "
"  [ 145.054440326668697, -37.82088827876899 ] "
"  [ 144.952939558282793, -37.600364344192506 ] "
"  [ 145.317813334638913, -36.612353508106629 ] "
"  [ 145.380240892130928, -37.778889806445676 ] "
"  [ 147.450080588797618, -37.874941696819029 ] "
"  [ 142.800880151105957, -37.103899903961164 ] "
"  [ 144.711341202819739, -37.610080389761947 ] "
"  [ 144.745788615052248, -38.350231208589136 ] "
"  [ 142.089840006976829, -36.639113516172841 ] "
"  [ 144.705302200522027, -37.619453769080465 ] "
"  [ 142.357779229079597, -36.817490928087373 ] "
"  [ 145.285438961372307, -37.865659966422655 ] "
"  [ 145.222916932299341, -37.973612804423979 ] "
"  [ 145.278924791970269, -37.274836852832074 ] "
"  [ 146.466588936088698, -38.202785567944993 ] "
"  [ 146.431100315728656, -36.244110180082075 ] "
"  [ 144.716861929747239, -37.896125225928678 ] "
"  [ 144.940760023903664, -37.576020013028092 ] "
"  [ 145.329270255791386, -37.886321064508437 ] "
"  [ 144.781150439158949, -37.697433951496961 ] "
"  [ 145.117935005754106, -37.933565505317397 ] "
"  [ 145.354597166332809, -36.201530007355629 ] "
"  [ 145.642172021043336, -36.130424100917637 ] "
"  [ 145.205269932411625, -38.002880413845311 ] "
"  [ 145.18225361310661, -38.063650492747655 ] "
"  [ 145.478465614341388, -35.999135086591942 ] "
"  [ 145.544870050983349, -36.724959956081619 ] "
"  [ 146.106430499545127, -38.717927473925727 ] "
"  [ 146.416720891168382, -36.44790495205261 ] "
"  [ 142.145988342759154, -36.652020545139834 ] "
"  [ 145.102370618966091, -38.007621406546455 ] "
"  [ 144.367441328718087, -37.101478847594613 ] "
"  [ 143.972029484317659, -37.637108345238147 ] "
"  [ 144.311879570632613, -38.246242309717431 ] "
"  [ 145.18266870115076, -37.956336615885533 ] "
"  [ 145.060124265641775, -37.863019227669163 ] "
"  [ 145.103620996943249, -36.210729995307524 ] "
"  [ 145.035566360824902, -37.844305807671979 ] "
"  [ 144.104659886238665, -37.036740120826188 ] "
"  [ 145.375780071788, -37.209741886248295 ] "
"  [ 145.675248270555471, -38.129905808862631 ] "
"  [ 145.53161999803541, -36.239120320986814 ] "
"  [ 144.941739898072598, -37.642262310921041 ] "
"  [ 145.394076052868996, -36.360670021380685 ] "
"  [ 142.175683398105065, -34.239604997403838 ] "
"  [ 142.175683398105065, -34.239604997403838 ] "
"  [ 144.566157798214334, -36.561139156942538 ] "
"  [ 144.566157798214334, -36.561139156942538 ] "
"  [ 145.180341134180537, -38.089690516152935 ] "
"  [ 142.043880976263239, -34.215873766089736 ] "
"  [ 144.165759917514805, -38.243397771972248 ] "
"  [ 144.9977377039923, -37.878308363061933 ] "
"  [ 144.737145972032408, -37.242679268813788 ] "
"  [ 143.670669812040956, -35.472440337014753 ] "
"  [ 146.477203421205985, -38.209660454009644 ] "
"  [ 144.950609804422299, -37.844889904292685 ] "
"  [ 145.951817782109828, -38.529030002847065 ] "
"  [ 145.789588162554367, -36.61428667503327 ] "
"  [ 145.565332017518585, -37.806067846840442 ] "
"  [ 144.77856027527011, -37.856370045497663 ] "
"  [ 144.77856027527011, -37.856370045497663 ] "
"  [ 143.894332107125308, -37.852639510224876 ] "
"  [ 145.184408992458117, -37.81761521683908 ] "
"  [ 145.158032324805362, -37.023310380064565 ] "
"  [ 144.746967484243214, -37.854045855377436 ] "
"  [ 147.791716486300885, -36.66398203083984 ] "
"  [ 145.497680500885679, -38.215284485584135 ] "
"  [ 146.610877617258069, -36.010251565135185 ] "
"  [ 145.070734875932629, -37.967245072668497 ] "
"  [ 145.234140889347657, -37.987105071395973 ] "
"  [ 145.038429264484591, -37.903688483615731 ] "
"  [ 145.115107243803436, -37.774232750432624 ] "
"  [ 146.393661165995695, -36.066121004983735 ] "
"  [ 142.657848589610012, -37.397949335637691 ] "
"  [ 143.20381109747197, -37.375007505612921 ] "
"  [ 144.839288257473385, -37.746317821131377 ] "
"  [ 144.839288257473385, -37.746317821131377 ] "
"  [ 144.796385722010797, -37.743828534609484 ] "
"  [ 143.184049524997363, -38.61007849692767 ] "
"  [ 143.184049524997363, -38.61007849692767 ] "
"  [ 145.48866791055147, -38.139069954510397 ] "
"  [ 146.167226264844999, -38.506291984627154 ] "
"  [ 145.688446953570349, -37.533978343690762 ] "
"  [ 145.289780278589973, -37.852135248680121 ] "
"  [ 144.694018583703922, -37.887688086149019 ] "
"  [ 144.957757497544492, -37.687600205489822 ] "
"  [ 142.362466433192424, -34.48259035927645 ] "
"  [ 146.191978973225076, -38.201424752976948 ] "
"  [ 144.815438949553396, -37.764590494410449 ] "
"  [ 144.719837190415234, -38.324705250405003 ] "
"  [ 142.088920789507085, -37.7436733642772 ] "
"  [ 144.864377111291475, -37.840451454073339 ] "
"  [ 144.699106922599583, -37.972918919557493 ] "
"  [ 145.331030832811422, -36.829719321421415 ] "
"  [ 142.768066368906346, -34.617879893685298 ] "
"  [ 145.590369005892939, -38.068233266069882 ] "
"  [ 144.770830705801217, -37.759356025074155 ] "
"  [ 145.24111617059134, -36.460359972961776 ] "
"  [ 144.997299296275514, -37.810224251492933 ] "
"  [ 144.869490331589446, -38.397841725911007 ] "
"  [ 145.019858943458388, -37.727498975323854 ] "
"  [ 145.184587941566775, -38.15425771987281 ] "
"  [ 144.794711704161728, -37.700175029494012 ] "
"  [ 145.706566904187667, -38.323669174189433 ] "
"  [ 143.894226987012644, -37.083699640932082 ] "
"  [ 145.907382593786309, -37.614400172820865 ] "
"  [ 147.426610669134391, -37.862360096462126 ] "
"  [ 145.837820421841172, -38.117177823028449 ] "
"  [ 145.139888950171155, -38.108729742565927 ] "
"  [ 144.934454954918749, -37.803881977038017 ] "
"  [ 146.213217906532179, -36.933361240102492 ] "
"  [ 145.198149405147205, -37.990937613665821 ] "
"  [ 145.233089996267125, -36.053298046949472 ] "
"  [ 146.312401155465324, -38.440239334319642 ] "
"  [ 144.989740298421708, -37.77651901095436 ] "
"  [ 145.134622983460645, -37.735300364446346 ] "
"  [ 144.935440872878445, -38.350680839910112 ] "
"  [ 145.161509404404796, -37.925093170694005 ] "
"  [ 146.406184032751014, -38.172930529464068 ] "
"  [ 146.406184032751014, -38.172930529464068 ] "
"  [ 145.222748787705598, -36.464990002892833 ] "
"  [ 144.447730181517016, -37.664799695318017 ] "
"  [ 145.362728805164096, -37.812648312846001 ] "
"  [ 144.285582866227543, -38.344250346443388 ] "
"  [ 144.496600261915489, -36.896739962321547 ] "
"  [ 146.277372248876588, -36.407603178119665 ] "
"  [ 144.934618311533313, -38.351208361656354 ] "
"  [ 145.191598960474579, -38.24546021141596 ] "
"  [ 144.701824367914725, -37.765090377710443 ] "
"  [ 144.701824367914725, -37.765090377710443 ] "
"  [ 145.007063544838616, -37.826420390215283 ] "
"  [ 145.00862003203224, -37.663830022361971 ] "
"  [ 146.475663856661015, -38.218029934665473 ] "
"  [ 144.296942225151298, -36.930198010071564 ] "
"  [ 145.250525568485131, -38.094025038795301 ] "
"  [ 146.444757251094302, -36.220688934700718 ] "
"  [ 145.04774017599064, -38.373829673731478 ] "
"  [ 146.943355857944795, -36.162835781558556 ] "
"  [ 144.384506541810708, -38.168685549293194 ] "
"  [ 145.37673694090077, -37.810447821753748 ] "
"  [ 145.307168168461516, -38.024329681491608 ] "
"  [ 145.309294456942183, -37.893489071584703 ] "
"  [ 145.083870880267938, -37.824345373989246 ] "
"  [ 143.668115777954, -38.743209532917803 ] "
"  [ 144.98639205356065, -37.688960599171729 ] "
"  [ 142.381167126936617, -35.747632068691331 ] "
"  [ 143.658410631623326, -37.473566673058464 ] "
"  [ 143.658410631623326, -37.473566673058464 ] "
"  [ 143.658410631623326, -37.473566673058464 ] "
"  [ 144.928299795454905, -37.788031190304586 ] "
"  [ 144.905659927108985, -37.78412652410892 ] "
"  [ 143.744250698692014, -37.525098948139963 ] "
"  [ 145.330720991268549, -37.558919645835161 ] "
"  [ 145.002121343302036, -37.690600127015685 ] "
"  [ 144.26391047233821, -37.598578819289521 ] "
"  [ 144.889379868681914, -37.289026524711183 ] "
"  [ 145.291061710778081, -38.107060205754649 ] "
"  [ 145.294471816591511, -36.632190977962885 ] "
"  [ 144.998730622648566, -37.938199764056108 ] "
"  [ 143.862620406927505, -37.541867793737502 ] "
"  [ 145.141441933689435, -37.709519113598255 ] "
"  [ 144.893939743535299, -37.858447827537219 ] "
"  [ 144.801209585484941, -37.800762010274106 ] "
"  [ 145.170595233088278, -37.621048715365291 ] "
"  [ 145.048483390099136, -37.241313319605233 ] "
"  [ 145.192322972315623, -37.816508172845481 ] "
"  [ 145.48663795975645, -38.119181511781314 ] "
"  [ 144.974868239320102, -37.75666971946503 ] "
"  [ 145.241959662344755, -38.171291821675354 ] "
"  [ 145.207321624786687, -38.3431787364119 ] "
"  [ 144.806520630388746, -37.829845334802158 ] "
"  [ 145.23957934456476, -37.898037372899758 ] "
"  [ 145.028078145355579, -37.627229802091804 ] "
"  [ 142.531757407213576, -38.391869644680618 ] "
"  [ 144.709968605806466, -37.859849038787154 ] "
"  [ 144.869900581653496, -37.729528220566046 ] "
"  [ 145.369578288587746, -37.885550911467128 ] "
"  [ 145.369578288587746, -37.885550911467128 ] "
"  [ 143.592367638845928, -38.339477764304782 ] "
"  [ 141.441588179785185, -38.225350424702718 ] "
"  [ 142.252700182762766, -37.830729991917366 ] "
"  [ 145.659837088693394, -35.982969997327359 ] "
"  [ 143.823312093766731, -36.600283197869523 ] "
"  [ 146.46853399175987, -36.140350491664719 ] "
"  [ 144.885353995110393, -37.669804682602184 ] "
"  [ 144.885353995110393, -37.669804682602184 ] "
"  [ 145.715043172266718, -38.557260849097077 ] "
"  [ 145.241030011983867, -38.463647017817529 ] "
"  [ 147.277668766612038, -37.848690679130314 ] "
"  [ 147.277668766612038, -37.848690679130314 ] "
"  [ 145.513220647975089, -37.542839894637495 ] "
"  [ 147.219500488166801, -36.456252654281023 ] "
"  [ 145.125881920353009, -37.807510193109898 ] "
"  [ 144.808121474043816, -37.812449942513275 ] "
"  [ 145.067051083584772, -37.977182351638973 ] "
"  [ 145.542556464860326, -37.677991235838697 ] "
"  [ 144.614402861788761, -37.874198277776919 ] "
"  [ 144.8203903954103, -37.77616296439173 ] "
"  [ 144.874140356796545, -37.797058001746016 ] "
"  [ 144.163907303630282, -37.335977271347801 ] "
"  [ 144.163907303630282, -37.335977271347801 ] "
"  [ 146.87049337333454, -36.353499250398649 ] "
"  [ 142.203610889119261, -34.47312989630089 ] "
"  [ 145.023750280797373, -37.48824990281225 ] "
"  [ 144.93681987208123, -37.69341922912772 ] "
"  [ 146.314043211077831, -36.367820728111958 ] "
"  [ 146.888870706099596, -36.110179601557128 ] "
"  [ 145.399128151710585, -37.410851590227466 ] "
"  [ 141.51637693211083, -38.032862714646654 ] "
"  [ 144.651059472942137, -36.432569765203986 ] "
"  [ 144.283211316364259, -37.603756584567392 ] "
"  [ 145.05693564983261, -37.830099468852865 ] "
"  [ 145.46197012977899, -36.352869999036756 ] "
"  [ 145.098100296058789, -37.896008080441497 ] "
"  [ 144.962313608153636, -37.714873917737108 ] "
"  [ 146.162950575805638, -38.206264259582753 ] "
"  [ 145.228749691868273, -37.848029613606094 ] "
"  [ 144.481124099470378, -38.193768578733305 ] "
"  [ 144.705279197344538, -37.398329873609882 ] "
"  [ 144.865643673225691, -37.770577870175835 ] "
"  [ 146.67548008140821, -38.012039546312842 ] "
"  [ 144.838509971587712, -37.152982277082799 ] "
"  [ 143.828128412512569, -37.576029809003245 ] "
"  [ 144.376850265837021, -38.179688064612293 ] "
"  [ 145.795300151872397, -38.080889115220266 ] "
"  [ 145.158976233890598, -36.469521157617578 ] "
"  [ 145.24112047227419, -38.002247517493529 ] "
"  [ 142.903040118810935, -38.562059277921357 ] "
"  [ 146.682353300588574, -38.659407999073736 ] "
"  [ 143.516201030599973, -36.353348535887534 ] "
"  [ 144.948655265359122, -37.805504626565082 ] "
"  [ 142.782319127359273, -38.062070718389045 ] "
"  [ 145.140839642520348, -37.91645176623198 ] "
"  [ 144.358760484454251, -38.181112463694767 ] "
"  [ 144.26057724259752, -38.335922582217357 ] "
"  [ 144.342867284003489, -38.131141807864985 ] "
"  [ 144.215184938047912, -37.552440227417833 ] "
"  [ 145.161955790743633, -37.789163093107923 ] "
"  [ 145.277359870566187, -38.083870039175608 ] "
"  [ 145.019197139188577, -37.901303128832787 ] "
"  [ 144.338491460969209, -38.179021747337693 ] "
"  [ 144.778950197664415, -37.744276697110031 ] "
"  [ 145.295669994030845, -37.770249989756302 ] "
"  [ 144.963677632578253, -37.72746039097477 ] "
"  [ 141.904937982946336, -37.355821310445066 ] "
"  [ 144.321319048896129, -36.678899873333251 ] "
"  [ 143.652893950133688, -38.287372303404958 ] "
"  [ 142.967402715386356, -36.66131234513275 ] "
"  [ 142.522861552484812, -36.74695235217601 ] "
"  [ 146.697928085077535, -36.316589498216196 ] "
"  [ 146.697928085077535, -36.316589498216196 ] "
"  [ 141.144049346408735, -36.436228948804505 ] "
"  [ 143.668821959411531, -37.876597840374707 ] "
"  [ 147.567652784624926, -37.841920412967994 ] "
"  [ 146.14382953255614, -37.18431031029548 ] "
"  [ 145.086291476222783, -37.924495858925667 ] "
"  [ 145.331894786978722, -35.925480993902582 ] "
"  [ 144.939850488315898, -37.665800328902549 ] "
"  [ 145.282240369856879, -37.977968128169657 ] "
"  [ 143.731427792192108, -35.405512567649332 ] "
"  [ 145.085127855725034, -37.91041972606952 ] "
"  [ 144.855601750131143, -37.726826082692796 ] "
"  [ 141.469979839787356, -38.23938040285222 ] "
"  [ 144.670770018828961, -36.486286674884958 ] "
"  [ 144.661987027070865, -37.890037033570245 ] "
"  [ 145.037399975320085, -37.933305632857149 ] "
"  [ 147.391050349943924, -38.20694839808634 ] "
"  [ 142.109389998558356, -36.739089969692898 ] "
"  [ 145.097513983264349, -37.824510498340302 ] "
"  [ 145.097513983264349, -37.824510498340302 ] "
"  [ 145.25662727413021, -37.778169683583187 ] "
"  [ 144.829734713626749, -37.771600616139459 ] "
"  [ 142.629129780288025, -36.981930233820371 ] "
"  [ 145.425657611582551, -36.309748570169397 ] "
"  [ 144.418429904446356, -37.364169992803767 ] "
"  [ 145.259193006140265, -37.265595847271499 ] "
"  [ 144.804546583273208, -37.744788443905115 ] "
"  [ 145.200776534009123, -38.084119550025079 ] "
"  [ 145.042157365843309, -37.745289694339036 ] "
"  [ 146.787109807474451, -36.081511799773409 ] "
"  [ 145.41580805297869, -36.368394021982958 ] "
"  [ 145.1029609180151, -38.028289654784089 ] "
"  [ 145.71495943424884, -38.117229417922566 ] "
"  [ 142.638710306243865, -37.1950994647908 ] "
"  [ 144.498239507531707, -37.685831730936009 ] "
"  [ 145.300368677215573, -36.325001321321309 ] "
"  [ 145.09593053165753, -37.866147049440578 ] "
"  [ 146.937280093599412, -36.148591360774752 ] "
"  [ 143.679120520170983, -36.792859939526927 ] "
"  [ 144.033289472418176, -38.480430380733097 ] "
"  [ 143.964560374031066, -37.407869168042438 ] "
"  [ 144.750432435888598, -37.814250190974384 ] "
"  [ 144.975280610409726, -37.755540144241742 ] "
"  [ 143.743148816960627, -37.524631774786108 ] "
"  [ 145.532831609720603, -38.133971523043208 ] "
"  [ 144.819439987750599, -37.792840009318439 ] "
"  [ 143.582621527677702, -36.963561430965441 ] "
"  [ 145.778369574371453, -38.08175983352394 ] "
"  [ 144.754692599511174, -37.887902835518801 ] "
"  [ 142.201680807046046, -36.706789256749026 ] "
"  [ 144.374861195745808, -38.07063090476619 ] "
"  [ 145.166520550105218, -37.904027556914833 ] "
"  [ 145.298604968851777, -38.068070635192193 ] "
"  [ 145.166945437948982, -38.273180009069492 ] "
"  [ 142.115355641714842, -34.223905850403348 ] "
"  [ 144.168970639165366, -36.731874487521246 ] "
"  [ 144.293105773454755, -37.279566108340894 ] "
"  [ 144.293105773454755, -37.279566108340894 ] "
"  [ 146.444334236491528, -38.235575989117322 ] "
"  [ 145.04469017465928, -37.900524245985004 ] "
"  [ 145.024740761013959, -38.303863254849844 ] "
"  [ 144.360749699043595, -38.149590670980551 ] "
"  [ 145.356129293777798, -37.871918125917666 ] "
"  [ 146.834829698298449, -38.50205014072646 ] "
"  [ 145.137261034818977, -37.771286126337898 ] "
"  [ 145.024712099779748, -37.872673829889656 ] "
"  [ 144.92525626474216, -37.750858212527731 ] "
"  [ 145.830023160779859, -38.447458764470632 ] "
"  [ 144.191599008615242, -37.560600365706485 ] "
"  [ 145.429940006364745, -37.928680038681364 ] "
"  [ 144.779361731546231, -37.741957160778213 ] "
"  [ 145.246039048198384, -37.916899883571716 ] "
"  [ 145.232921052735463, -37.871590108421586 ] "
"  [ 144.914880788299854, -37.832090881663106 ] "
"  [ 144.717016509746543, -38.166951053702896 ] "
"  [ 145.176829119421939, -37.813237512783616 ] "
"  [ 145.878388776124268, -36.198380792746534 ] "
"  [ 145.178032757847234, -37.804287742913203 ] "
"  [ 146.966971688351094, -37.877881886774354 ] "
"  [ 144.923311515170838, -37.726999646127567 ] "
"  [ 144.574157543883217, -37.653609702870661 ] "
"  [ 146.441970322718845, -36.669099906985231 ] "
"  [ 146.441970322718845, -36.669099906985231 ] "
"  [ 145.01718010124489, -37.827237241740455 ] "
"  [ 144.673773435692908, -37.892650368497861 ] "
"  [ 145.134960345654264, -37.675640303324251 ] "
"  [ 146.494843708470796, -36.051144664364209 ] "
"  [ 145.286449884223828, -37.157620179661514 ] "
"  [ 142.249007000409847, -36.712939993870208 ] "
"  [ 145.118519573226024, -37.838342335543004 ] "
"  [ 144.637070441019972, -36.54577989879494 ] "
"  [ 144.978470462287845, -38.343978154731857 ] "
"  [ 145.257595766127736, -38.496687080483639 ] "
"  [ 145.031715708718849, -37.454500859408959 ] "
"  [ 143.782877555460033, -37.300068958075371 ] "
"  [ 144.379958121161138, -38.050671875558642 ] "
"  [ 145.245751317271896, -38.215750861565731 ] "
"  [ 144.658240483460474, -38.115667586610293 ] "
"  [ 143.224749236710721, -36.179429998056833 ] "
"  [ 143.294259634628332, -34.993979869637421 ] "
"  [ 146.142423345583836, -37.345148621391623 ] "
"  [ 146.142423345583836, -37.345148621391623 ] "
"  [ 146.469905022267454, -38.271216251528195 ] "
"  [ 143.637918693034436, -37.679077422837253 ] "
"  [ 144.995392550122887, -37.910582261643533 ] "
"  [ 144.351980085030277, -37.956230009118897 ] "
"  [ 143.247310932484311, -34.781038893464874 ] "
"  [ 145.217743378435159, -37.846241055128637 ] "
"  [ 144.758946968761109, -36.711260523757787 ] "
"  [ 145.388919153685322, -37.891260850155334 ] "
"  [ 144.380422652183483, -36.487180426559682 ] "
"  [ 146.32092981616205, -36.357932585454691 ] "
"  [ 146.284572934108326, -38.192279173987181 ] "
"  [ 145.011906226747499, -37.969542239962401 ] "
"  [ 145.8798685649449, -38.530198462812493 ] "
"  [ 144.667632010319124, -37.875945496798309 ] "
"  [ 145.222630337500846, -36.414107788465998 ] "
"  [ 143.666862182906328, -37.653813970799781 ] "
"  [ 143.363039997486595, -35.185368803128931 ] "
"  [ 142.057218667615899, -38.154100233599706 ] "
"  [ 144.567950000544272, -36.198961715888359 ] "
"  [ 146.74722323862207, -38.416590776586709 ] "
"  [ 145.967584930810432, -36.633119369143159 ] "
"  [ 144.535111336393868, -37.476405692611443 ] "
"  [ 145.192571811698343, -37.941064119204277 ] "
"  [ 144.695577768050072, -37.697329779875375 ] "
"  [ 145.163329069332605, -37.893953576650219 ] "
"  [ 145.659890880071629, -35.950260007272163 ] "
"  [ 145.103630823511196, -37.944626080393341 ] "
"  [ 142.588560269853957, -37.05514992815263 ] "
"  [ 145.266430275797603, -37.958637247812831 ] "
"  [ 146.007790017739126, -36.269942964858707 ] "
"  [ 148.871984282168398, -37.11936720445734 ] "
"  [ 143.995730924244555, -37.399400340866237 ] "
"  [ 144.455275416397086, -37.58203034455417 ] "
"  [ 145.592669243496658, -36.739689285828618 ] "
"  [ 144.95529955506143, -37.799539013065363 ] "
"  [ 144.702027491829739, -37.920960253784784 ] "
"  [ 143.516527537589695, -37.231829355580395 ] "
"  [ 144.899771027060808, -37.814665284634444 ] "
"  [ 146.329700332712065, -39.024009395062841 ] "
"  [ 142.083100238031477, -36.660667761205453 ] "
"  [ 144.797211512185555, -37.692778451076123 ] "
"  [ 144.553660695430779, -37.691386095739091 ] "
"  [ 144.743550578929444, -37.871841424325261 ] "
"  [ 144.814986964499411, -37.704382582919727 ] "
"  [ 144.539824198523689, -38.236380516474057 ] "
"  [ 144.604524315271817, -37.690901101134223 ] "
"  [ 146.289217969626804, -36.771588905340799 ] "
"  [ 145.322450861405827, -38.024589477746133 ] "
"  [ 141.270740868236174, -37.441459066427171 ] "
"  [ 143.380195897974659, -37.448806915108896 ] "
"  [ 146.000770692740247, -36.467309717159296 ] "
"  [ 144.476921048004016, -37.687791241732306 ] "
"  [ 145.333478260281538, -38.520994606950318 ] "
"  [ 141.638527510704478, -37.238460178802335 ] "
"  [ 142.743120130232683, -36.071129255394276 ] "
"  [ 141.725401898204382, -37.602997034894962 ] "
"  [ 144.584450189257439, -36.560000083563651 ] "
"  [ 144.95266102169245, -37.502370474311768 ] "
"  [ 144.457140434589206, -38.284577573260442 ] "
"  [ 144.155169968258804, -37.953869383154334 ] "
"  [ 144.863133603216852, -37.778855512201417 ] "
"  [ 145.145971783767891, -38.14856732674771 ] "
"  [ 145.21803451413308, -38.000850566861658 ] "
"  [ 143.40964797461686, -36.28274297288651 ] "
"  [ 145.525280379273596, -37.742479759304601 ] "
"  [ 145.525280379273596, -37.742479759304601 ] "
"  [ 143.553129052321481, -38.751140032195273 ] "
"  [ 145.702486588516308, -37.311171243887429 ] "
"  [ 146.257417983770608, -36.425819808555858 ] "
"  [ 144.174554529506366, -38.028238307436069 ] "
"  [ 144.174554529506366, -38.028238307436069 ] "
"  [ 146.36202482847284, -36.310969196662583 ] "
"  [ 145.526970756928677, -38.064173230983286 ] "
"  [ 145.620215176312314, -38.068510106402933 ] "
"  [ 147.211718865851594, -36.380560769262814 ] "
"  [ 144.973589838085474, -37.865790101450415 ] "
"  [ 149.133621241347868, -37.570466776416929 ] "
"  [ 145.345527198466783, -38.043070593404877 ] "
"  [ 144.49870903517126, -36.617178006388514 ] "
"  [ 145.692620632868085, -37.19555174500281 ] "
"  [ 145.416262091097394, -36.380856938747549 ] "
"  [ 145.284049848730461, -38.382381958550887 ] "
"  [ 144.829088021912725, -37.746098170749441 ] "
"  [ 145.498959577863701, -38.026753714215609 ] "
"  [ 143.836630528705285, -37.572751612112029 ] "
"  [ 146.691557848862658, -38.266520606401535 ] "
"  [ 144.97717389474883, -37.877539679805977 ] "
"  [ 145.348370212086706, -37.757218301339613 ] "
"  [ 142.161010504356341, -34.22730846902752 ] "
"  [ 143.776777202245825, -36.95248906267733 ] "
"  [ 145.119522440512668, -37.852926633583941 ] "
"  [ 144.222848934531726, -37.598975838482339 ] "
"  [ 144.82586539542234, -37.742382482285173 ] "
"  [ 145.117237569774431, -37.710756519407006 ] "
"  [ 145.48835004644809, -37.924999960327156 ] "
"  [ 145.956980737334533, -37.8974521822933 ] "
"  [ 141.54683281861, -38.320281359960084 ] "
"  [ 144.945353747667411, -37.792523883944085 ] "
"  [ 146.553594253795609, -38.157649213003914 ] "
"  [ 143.948190230248457, -37.541040195029623 ] "
"  [ 145.047946929607605, -37.763194662148486 ] "
"  [ 145.23802144960996, -38.187198419844748 ] "
"  [ 144.340380440664433, -38.16657722737579 ] "
"  [ 145.148965369555128, -38.376602023803514 ] "
"  [ 146.120604660423197, -36.495521860597428 ] "
"  [ 146.120604660423197, -36.495521860597428 ] "
"  [ 145.180215430322676, -38.019090630778749 ] "
"  [ 145.002131270091127, -37.939512912022622 ] "
"  [ 145.813799138078622, -36.60610832445095 ] "
"  [ 145.162407342315049, -38.189479591445561 ] "
"  [ 145.301113809187456, -36.325489316329261 ] "
"  [ 146.954060213111603, -38.10110136727792 ] "
"  [ 145.313498566794067, -36.425514177395762 ] "
"  [ 145.313498566794067, -36.425514177395762 ] "
"  [ 145.313498566794067, -36.425514177395762 ] "
"  [ 145.659871008931077, -35.969878023317776 ] "
"  [ 145.48836020072136, -37.548749779081803 ] "
"  [ 145.335821228771209, -38.03003690361507 ] "
"  [ 145.011774184090797, -37.767581790877308 ] "
"  [ 146.136097023191411, -37.966792169726396 ] "
"  [ 144.884759478615138, -37.802942690943681 ] "
"  [ 145.208459359094121, -37.991260589344819 ] "
"  [ 145.00857531655285, -37.817875394122503 ] "
"  [ 144.989537397257806, -37.897785094912251 ] "
"  [ 144.95860934901529, -37.691901417128193 ] "
"  [ 145.010878371680377, -37.90863101158272 ] "
"  [ 146.001798493903721, -36.924799990467562 ] "
"  [ 145.012519742158361, -37.688119975704012 ] "
"  [ 145.49361013014834, -37.910839683104207 ] "
"  [ 145.135810315580841, -38.146644074109325 ] "
"  [ 145.034831803018335, -37.825409370143184 ] "
"  [ 145.049648070466532, -37.752483276785455 ] "
"  [ 144.629764029019782, -36.182558967021045 ] "
"  [ 145.474807056401602, -38.472200660839931 ] "
"  [ 144.897983266314554, -38.367676086345739 ] "
"  [ 145.13784002359435, -36.145425786498905 ] "
"  [ 145.07329481553117, -37.972130594720404 ] "
"  [ 144.742970017310029, -37.453239481647408 ] "
"  [ 144.951895211058314, -37.787779624515188 ] "
"  [ 144.359806080551323, -37.934559092914363 ] "
"  [ 147.652073404111235, -37.152988598138471 ] "
"  [ 144.574335618050327, -37.548689698350522 ] "
"  [ 145.020398201263077, -37.727148255643428 ] "
"  [ 146.385367684899506, -38.233164727621009 ] "
"  [ 147.087724427789539, -37.92395048713653 ] "
"  [ 145.207109426354606, -37.957809937709733 ] "
"  [ 145.307053347645081, -38.140850427757179 ] "
"  [ 145.307053347645081, -38.140850427757179 ] "
"  [ 146.534497017787999, -36.132050807441949 ] "
"  [ 145.117590412234023, -38.001193813072007 ] "
"  [ 145.154378295337494, -35.929603836631031 ] "
"  [ 144.275485228375743, -37.052957458789784 ] "
"  [ 145.673581204820692, -38.223942788960564 ] "
"  [ 142.265016986864168, -37.663063271288401 ] "
"  [ 145.029152081879118, -37.684526929571419 ] "
"  [ 145.923672096889987, -36.576197680405663 ] "
"  [ 145.619235631716236, -35.969848417480989 ] "
"  [ 145.431797530042815, -36.038528279802087 ] "
"  [ 144.891802489019, -37.791878705621514 ] "
"  [ 143.860853717093761, -37.557682473470692 ] "
"  [ 143.860853717093761, -37.557682473470692 ] "
"  [ 143.829442709010294, -35.815454612048065 ] "
"  [ 143.829442709010294, -35.815454612048065 ] "
"  [ 143.829442709010294, -35.815454612048065 ] "
"  [ 145.243745535983749, -38.026654220460138 ] "
"  [ 144.903986211751544, -37.796693722825687 ] "
"  [ 144.883285721688793, -37.813769479803661 ] "
"  [ 145.324379009141722, -36.340029179435433 ] "
"  [ 143.148681669125466, -38.627896164256804 ] "
"  [ 144.586316505711125, -37.67303648277678 ] "
"  [ 145.582142484356496, -38.31273527969833 ] "
"  [ 145.524963800647072, -37.741477301447468 ] "
"  [ 144.824264537823893, -37.075609467311281 ] "
"  [ 145.085026353447034, -38.008068637353759 ] "
"  [ 144.442468702703849, -37.663063988609075 ] "
"  [ 145.005560713086567, -36.199100787049943 ] "
"  [ 145.005560713086567, -36.199100787049943 ] "
"  [ 145.25967165892493, -38.004470831334629 ] "
"  [ 145.020266411272701, -36.598389300278754 ] "
"  [ 145.112932880313849, -37.779580786901079 ] "
"  [ 144.179063800462529, -37.591367024287109 ] "
"  [ 144.235416136370191, -38.077907768672056 ] "
"  [ 147.603578124008493, -37.070740601057793 ] "
"  [ 147.603578124008493, -37.070740601057793 ] "
"  [ 143.728881716374531, -38.055156093483077 ] "
"  [ 145.132982817137957, -38.114453336633453 ] "
"  [ 144.925871338555595, -37.769950075292897 ] "
"  [ 145.128588646586081, -37.818661059058115 ] "
"  [ 145.65931330626259, -36.694081959942665 ] "
"  [ 145.086284888175527, -37.903131380465993 ] "
"  [ 145.104603306701875, -37.905360405331216 ] "
"  [ 146.946848865709995, -36.166420714297644 ] "
"  [ 143.384421850951725, -36.997009323847493 ] "
"  [ 143.384421850951725, -36.997009323847493 ] "
"  [ 146.446990618351833, -38.202987352982795 ] "
"  [ 144.960435495161647, -37.814421299158063 ] "
"  [ 144.076539513253408, -38.262402614417667 ] "
"  [ 145.175320995400114, -38.145450267096287 ] "
"  [ 145.100390456500662, -37.911267331254969 ] "
"  [ 143.607090427443779, -38.024570217030792 ] "
"  [ 145.645979132156015, -36.729990857426607 ] "
"  [ 144.389292392388512, -37.134609555646428 ] "
"  [ 146.909868630746047, -37.906238885365902 ] "
"  [ 146.909868630746047, -37.906238885365902 ] "
"  [ 145.456709999511446, -37.68344819841677 ] "
"  [ 147.981640935825908, -36.163687467366785 ] "
"  [ 143.844740587378965, -37.5174641753147 ] "
"  [ 145.159760474842045, -37.24046913099982 ] "
"  [ 145.200735792228897, -37.826985048226319 ] "
"  [ 144.211427734292755, -36.810666001303098 ] "
"  [ 143.551350530096727, -38.510169749448913 ] "
"  [ 144.358197872663283, -38.165127602104015 ] "
"  [ 145.011613820065293, -37.76953012058059 ] "
"  [ 144.956659468212735, -37.296492907704881 ] "
"  [ 145.060090815174163, -37.868181021830239 ] "
"  [ 145.16357923755865, -37.888824324053495 ] "
"  [ 145.895404030983883, -38.732398239052081 ] "
"  [ 145.151944013827006, -37.954000492963551 ] "
"  [ 144.874419335853645, -37.848719633140583 ] "
"  [ 142.562141472804228, -37.598152992806092 ] "
"  [ 145.119195787792279, -38.009114300324519 ] "
"  [ 148.000901860053034, -37.848896651535298 ] "
"  [ 148.000901860053034, -37.848896651535298 ] "
"  [ 148.000901860053034, -37.848896651535298 ] "
"  [ 143.355950394664177, -37.42541881603654 ] "
"  [ 143.355950394664177, -37.42541881603654 ] "
"  [ 146.13595474042981, -37.295859463760038 ] "
"  [ 141.28908885379073, -38.163281260718271 ] "
"  [ 146.137529874132071, -36.022312523503402 ] "
"  [ 142.418277774853323, -35.330415695254608 ] "
"  [ 144.974048561747736, -38.429619039358506 ] "
"  [ 145.200441844671701, -37.748409785815895 ] "
"  [ 144.998939750202055, -37.179070010257377 ] "
"  [ 144.329782449354212, -38.140980402381651 ] "
"  [ 145.468609152264492, -37.810119547996869 ] "
"  [ 144.555127883884751, -37.429431627091816 ] "
"  [ 145.106194299345816, -37.896922145837856 ] "
"  [ 144.026320778684948, -38.293775895442863 ] "
"  [ 144.121451437014372, -37.370620402848346 ] "
"  [ 145.317213438148343, -37.821044347830735 ] "
"  [ 145.168101588037814, -37.495633257251377 ] "
"  [ 145.399731040709213, -36.331409597770559 ] "
"  [ 145.001439887570655, -37.884360535581862 ] "
"  [ 145.013136934192346, -37.73551905298374 ] "
"  [ 144.522812103124096, -36.650150266576631 ] "
"  [ 143.16360953478835, -38.345900999830818 ] "
"  [ 144.312250416971011, -36.841989240183146 ] "
"  [ 142.83978972461955, -36.56841874547392 ] "
"  [ 144.748028926438025, -37.880269874551473 ] "
"  [ 144.748028926438025, -37.880269874551473 ] "
"  [ 144.748028926438025, -37.880269874551473 ] "
"  [ 143.783211907944064, -38.390563709188271 ] "
"  [ 145.770172506799582, -37.515545544099716 ] "
"  [ 145.770172506799582, -37.515545544099716 ] "
"  [ 147.860487607498811, -37.866339686170321 ] "
"  [ 143.592367638845928, -38.339477764304782 ] "
"  [ 141.954491113068343, -38.041775994784686 ] "
"  [ 144.085847181858327, -36.068651961774322 ] "
"  [ 144.061169741325159, -37.550171945214913 ] "
"  [ 142.721459854592325, -37.056960524990025 ] "
"  [ 145.002741167902059, -37.951039244596132 ] "
"  [ 144.28659990236639, -37.422499966287752 ] "
"  [ 145.04521810464243, -37.606959815302162 ] "
"  [ 144.2223006471053, -37.067426475087601 ] "
"  [ 147.178269929048668, -36.722970014764662 ] "
"  [ 145.772748675335379, -36.433682825502302 ] "
"  [ 145.27145587135567, -38.074141165071225 ] "
"  [ 142.379750009610774, -38.328131759599636 ] "
"  [ 145.958650471865326, -38.466448876997582 ] "
"  [ 144.399355879556452, -36.771128292372602 ] "
"  [ 145.714089863783585, -38.330663813197638 ] "
"  [ 141.07148999973947, -38.054200005630186 ] "
"  [ 142.571541127445528, -37.150049275260358 ] "
"  [ 146.425772748900954, -37.1153388750243 ] "
"  [ 144.600596742378855, -37.641180628680644 ] "
"  [ 145.168849760195627, -37.654980001783237 ] "
"  [ 144.95980816275312, -37.699150190178933 ] "
"  [ 144.823278731946715, -37.709092127731992 ] "
"  [ 143.707300076217308, -38.311843182920136 ] "
"  [ 142.054609267059334, -36.801929199077932 ] "
"  [ 144.35867431126502, -38.084169231525202 ] "
"  [ 144.35867431126502, -38.084169231525202 ] "
"  [ 145.251824282941328, -37.92727181127124 ] "
"  [ 143.692552707182813, -38.041937317657741 ] "
"  [ 145.41271115956863, -37.576620066951534 ] "
"  [ 145.415803457446458, -36.360219802052953 ] "
"  [ 145.615202138524893, -37.963010862640893 ] "
"  [ 145.655771901645267, -38.072052288472683 ] "
"  [ 145.741669460984212, -38.122871301447113 ] "
"  [ 144.999698547692418, -37.815903755444545 ] "
"  [ 143.257049780398745, -38.74491006599542 ] "
"  [ 144.875503764618685, -37.568180464767259 ] "
"  [ 145.177812485420645, -38.13451022843519 ] "
"  [ 144.806001604370891, -37.739510188987147 ] "
"  [ 144.881590583741854, -37.693850071874074 ] "
"  [ 144.749900911680527, -36.399309826879879 ] "
"  [ 147.055150656809758, -36.251863477549293 ] "
"  [ 145.022935821782482, -37.801896737166032 ] "
"  [ 145.09191837064435, -37.774976994377582 ] "
"  [ 145.177200511668957, -38.085166633540489 ] "
"  [ 146.885006572839046, -37.901527123134521 ] "
"  [ 146.358413771124901, -36.765590277520722 ] "
"  [ 145.520905792112245, -37.710669331727878 ] "
"  [ 144.211320021613403, -38.212238773803591 ] "
"  [ 143.651420008471518, -35.501852180410069 ] "
"  [ 141.557702452212169, -38.303498972653081 ] "
"  [ 144.415333464456552, -38.019542772489544 ] "
"  [ 144.607629753719067, -37.695310580517273 ] "
"  [ 143.562539830241661, -35.809368937254511 ] "
"  [ 145.144637498878922, -37.730497130403585 ] "
"  [ 145.065036572173483, -37.787505561142069 ] "
"  [ 144.935919184597282, -37.768334090051916 ] "
"  [ 145.103815470678114, -37.703755240046632 ] "
"  [ 145.802311241291136, -37.523701250452447 ] "
"  [ 144.489539581981319, -36.783588927339558 ] "
"  [ 145.224397309035822, -37.964849640134325 ] "
"  [ 144.8358503404923, -37.770570039397313 ] "
"  [ 145.243591040046709, -37.852694251527474 ] "
"  [ 145.243591040046709, -37.852694251527474 ] "
"  [ 145.062673376696978, -37.69201874389843 ] "
"  [ 145.903696303724388, -36.584235862594689 ] "
"  [ 143.633308567501558, -38.26273973152373 ] "
"  [ 144.732479426158193, -37.566299942479937 ] "
"  [ 145.485903453863898, -37.579898238633376 ] "
"  [ 145.286793134725599, -38.117858767270683 ] "
"  [ 145.416452006448196, -37.559959963659047 ] "
"  [ 145.001652348203606, -37.752290498064966 ] "
"  [ 143.115326411261776, -36.905329434906655 ] "
"  [ 143.115326411261776, -36.905329434906655 ] "
"  [ 143.115326411261776, -36.905329434906655 ] "
"  [ 143.115326411261776, -36.905329434906655 ] "
"  [ 146.942238791320477, -36.720973504236234 ] "
"  [ 145.05746009660885, -37.390430252466082 ] "
"  [ 144.837367471127408, -37.720711978290161 ] "
"  [ 143.859010465736276, -37.562227532236854 ] "
"  [ 145.922074612201669, -38.10003992062569 ] "
"  [ 146.97937378639358, -37.968722057666419 ] "
"  [ 145.103193412743394, -37.899276568729292 ] "
"  [ 145.415849617654487, -38.076521681241445 ] "
"  [ 145.21346926041781, -37.817183655833254 ] "
"  [ 144.248972496055302, -36.553808523810062 ] "
"  [ 146.533278148326161, -38.195813913050053 ] "
"  [ 144.923189876410873, -37.802430734131974 ] "
"  [ 144.109649002548593, -36.978417077984773 ] "
"  [ 145.695634790484945, -36.011612215382094 ] "
"  [ 145.955009582014128, -38.56360787754496 ] "
"  [ 145.322825253775449, -36.466259004597696 ] "
"  [ 144.966597416687875, -37.7413136656061 ] "
"  [ 144.862870427112369, -37.780858634015829 ] "
"  [ 142.719529402660243, -37.112598418365934 ] "
"  [ 145.00138935418471, -37.858872868008262 ] "
"  [ 144.702688378356868, -36.862709786950681 ] "
"  [ 145.089120286245105, -38.234010190150421 ] "
"  [ 143.853381075819016, -37.462551208837695 ] "
"  [ 145.155982327806214, -37.933210654904023 ] "
"  [ 144.580051226378743, -37.849228860901022 ] "
"  [ 144.910082150293363, -37.744627601807487 ] "
"  [ 145.478402341735602, -35.984384393593643 ] "
"  [ 145.113863967307879, -37.927340486887509 ] "
"  [ 143.218700706676202, -37.379928440390238 ] "
"  [ 144.701363295022134, -37.768460284841247 ] "
"  [ 144.701363295022134, -37.768460284841247 ] "
"  [ 145.710109135536214, -37.193597505808988 ] "
"  [ 144.924793426607124, -36.834614220646053 ] "
"  [ 144.93096770464939, -37.825391084833754 ] "
"  [ 146.842398192125671, -36.628502620583085 ] "
"  [ 145.062929844998934, -37.692159479352597 ] "
"  [ 144.354431989883039, -38.102020209124049 ] "
"  [ 145.280480639851618, -37.795820221467203 ] "
"  [ 144.185493446059439, -37.330478124367623 ] "
"  [ 144.850078850416764, -37.804210724279038 ] "
"  [ 144.648717232855603, -36.435978760009505 ] "
"  [ 144.815709164655402, -37.829939298969087 ] "
"  [ 144.93809043058576, -37.687497478242612 ] "
"  [ 145.295985633318594, -37.988926934921402 ] "
"  [ 144.746886471167869, -37.777300330563868 ] "
"  [ 145.376000025206082, -36.347531876378689 ] "
"  [ 145.244448232155975, -37.80998800443917 ] "
"  [ 144.553600435970225, -37.685324129716307 ] "
"  [ 142.125392086554342, -34.232297751375611 ] "
"  [ 144.994596885253117, -37.844567521245985 ] "
"  [ 144.779549559517392, -37.74094994383627 ] "
"  [ 145.148999596562675, -37.810062333407799 ] "
"  [ 146.169559998861644, -38.620610890273966 ] "
"  [ 146.169559998861644, -38.620610890273966 ] "
"  [ 145.566525390303298, -38.044071460193457 ] "
"  [ 146.934021744662004, -37.046909424277331 ] "
"  [ 145.064520330964683, -37.582408075359531 ] "
"  [ 145.103621079297568, -36.211296397279007 ] "
"  [ 144.945915645585302, -37.609150256799268 ] "
"  [ 143.710140251814778, -37.64263902142676 ] "
"  [ 143.928279862001489, -37.369770813563967 ] "
"  [ 146.2511911866454, -38.178979611252899 ] "
"  [ 144.740508894002915, -37.32338996236237 ] "
"  [ 146.60323087198816, -36.381462965332567 ] "
"  [ 145.20581426099568, -37.793193012313743 ] "
"  [ 144.805490464677405, -37.551337612867314 ] "
"  [ 145.117330787159005, -37.937500099247387 ] "
"  [ 145.794110567923781, -38.29989933823034 ] "
"  [ 146.50270361086524, -38.677243751173641 ] "
"  [ 146.099048987143561, -37.044558770366059 ] "
"  [ 145.416309636414297, -37.093746144416833 ] "
"  [ 148.601930465874887, -37.700069523381089 ] "
"  [ 144.80246998804364, -37.767152204408909 ] "
"  [ 143.066408806972674, -38.455697073213898 ] "
"  [ 145.158704811721066, -37.918484214125534 ] "
"  [ 145.239887396195797, -37.851502946819743 ] "
"  [ 145.239887396195797, -37.851502946819743 ] "
"  [ 146.725120411464331, -38.27932046930944 ] "
"  [ 145.709681717817546, -37.191622287611843 ] "
"  [ 145.007529051672918, -38.366679236222431 ] "
"  [ 145.028882899609869, -37.807480593378138 ] "
"  [ 145.931148888025007, -36.571820001329165 ] "
"  [ 146.205009330252182, -36.637324537754253 ] "
"  [ 145.054032141274234, -37.960374139889119 ] "
"  [ 145.516635018616967, -37.625989054786444 ] "
"  [ 144.318617195565025, -35.910081317597459 ] "
"  [ 144.318617195565025, -35.910081317597459 ] "
"  [ 144.889581015701935, -37.825556760808979 ] "
"  [ 143.855260224086521, -37.581938779595937 ] "
"  [ 146.378490007029313, -38.160619915860728 ] "
"  [ 145.212949338456582, -38.003773402441929 ] "
"  [ 148.390183408237021, -37.692588425536847 ] "
"  [ 145.134171209116658, -37.919028839808988 ] "
"  [ 141.911523007467082, -37.700457297736456 ] "
"  [ 145.431806083564794, -36.041870002751224 ] "
"  [ 142.543434912686081, -38.40580072957524 ] "
"  [ 142.107069689782179, -34.255525730900878 ] "
"  [ 144.915627358484301, -37.780657215111489 ] "
"  [ 144.820694092783299, -37.820457580746613 ] "
"  [ 144.95242192400525, -37.649409810491242 ] "
"  [ 145.483170320369339, -38.071817128339049 ] "
"  [ 146.250069489224586, -36.075352723690756 ] "
"  [ 146.250069489224586, -36.075352723690756 ] "
"  [ 145.138840426962844, -37.641949592171891 ] "
"  [ 145.965942831901259, -38.222052046388903 ] "
"  [ 144.030010487820675, -38.315657696108488 ] "
"  [ 145.522173060989502, -37.705570479018988 ] "
"  [ 145.050478359674401, -37.955420725860805 ] "
"  [ 147.356452368298022, -36.952439220176302 ] "
"  [ 146.102671186741674, -37.90344541680134 ] "
"  [ 145.287614592364378, -37.888658728316265 ] "
"  [ 145.245720055755612, -38.146670004336777 ] "
"  [ 143.784370967421069, -36.419645186939654 ] "
"  [ 146.186429952903097, -38.25108010762353 ] "
"  [ 144.995885010417368, -37.838182246479242 ] "
"  [ 144.918528793989708, -37.756240538124452 ] "
"  [ 144.986524516411265, -37.838321079740147 ] "
"  [ 146.432490711963425, -38.26297630476423 ] "
"  [ 148.368878584785676, -37.749326394363365 ] "
"  [ 148.368878584785676, -37.749326394363365 ] "
"  [ 143.706087196722621, -37.511409025534533 ] "
"  [ 144.913423429410756, -37.616433371731659 ] "
"  [ 145.145063941702915, -37.778910453895364 ] "
"  [ 145.022099239484618, -37.920070873500471 ] "
"  [ 144.931019785970847, -37.697421212001998 ] "
"  [ 144.222179803244416, -36.960229566150971 ] "
"  [ 141.626762433838167, -38.229269399631818 ] "
"  [ 145.291298927846668, -37.888682366645313 ] "
"  [ 145.086247046169404, -37.823639620808947 ] "
"  [ 144.815368830518253, -37.826231086035591 ] "
"  [ 144.815368830518253, -37.826231086035591 ] "
"  [ 142.209689973586762, -36.728926119123294 ] "
"  [ 144.289381927425495, -36.776286100535046 ] "
"  [ 145.51612715496168, -37.833250927772831 ] "
"  [ 145.547177105451453, -38.253952188460261 ] "
"  [ 144.357923613820162, -38.159561038541312 ] "
"  [ 142.464294540534866, -38.365575306698801 ] "
"  [ 143.389056675552212, -37.263766997605082 ] "
"  [ 144.851119793139532, -37.791333583860265 ] "
"  [ 143.619110705049678, -37.681011679589382 ] "
"  [ 145.157498350238626, -38.15294382340911 ] "
"  [ 145.098508215645637, -36.846898609863047 ] "
"  [ 142.691709929159941, -35.241539997616812 ] "
"  [ 141.18497999763386, -34.274976849249704 ] "
"  [ 144.731281257731666, -37.874953071287038 ] "
"  [ 146.078443854501785, -37.003806458199662 ] "
"  [ 145.373178722672293, -36.4042517777252 ] "
"  [ 145.052271385893818, -37.753471642550977 ] "
"  [ 144.176650734187717, -37.591592255657439 ] "
"  [ 141.744671054603771, -38.248681688748533 ] "
"  [ 144.609616616209223, -37.658552751395973 ] "
"  [ 145.287903584629817, -37.818253436379358 ] "
"  [ 141.124890459172235, -37.902599604037121 ] "
"  [ 144.15115940116857, -37.584770610932019 ] "
"  [ 145.014633581564993, -37.80760043427648 ] "
"  [ 143.849337524429671, -37.836069697279619 ] "
"  [ 147.189300666500117, -37.615329856435913 ] "
"  [ 145.144858975359455, -37.660239608631763 ] "
"  [ 145.232840043021014, -36.4357840402593 ] "
"  [ 144.215809639580868, -37.891463228662026 ] "
"  [ 145.031861927727306, -36.440814640591256 ] "
"  [ 144.607247524597852, -37.779709626183745 ] "
"  [ 145.230240151832589, -36.615673469043635 ] "
"  [ 142.115355641714842, -34.223905850403348 ] "
"  [ 143.239537373940948, -38.333635351659801 ] "
"  [ 144.536899685642084, -37.686326414506347 ] "
"  [ 144.640882460393016, -38.196330597378903 ] "
"  [ 144.640882460393016, -38.196330597378903 ] "
"  [ 145.392430181424515, -37.537218740244789 ] "
"  [ 145.138119996614193, -37.893780008485287 ] "
"  [ 143.947343567756718, -36.522700778948476 ] "
"  [ 144.073063119597776, -37.552985089278728 ] "
"  [ 144.277839484782163, -36.746484823391519 ] "
"  [ 146.177779530007143, -38.375264799110433 ] "
"  [ 142.064231847544363, -34.224003246348211 ] "
"  [ 145.304949998666189, -36.44009757172342 ] "
"  [ 145.929585834316583, -38.661834329708228 ] "
"  [ 144.67499814862316, -37.254288969872775 ] "
"  [ 144.67499814862316, -37.254288969872775 ] "
"  [ 145.338928003808178, -37.860663379762173 ] "
"  [ 142.586383765423335, -38.385077861135898 ] "
"  [ 145.020088267808546, -37.657339528456284 ] "
"  [ 146.492755729293208, -38.209484550303678 ] "
"  [ 145.235892810342534, -37.912950322106902 ] "
"  [ 143.681284721144493, -37.842720152746622 ] "
"  [ 147.43779109653866, -36.664398433354066 ] "
"  [ 144.982502844370345, -37.710930294685113 ] "
"  [ 145.361139644352647, -37.961177966980735 ] "
"  [ 145.133448074446392, -37.960119145361944 ] "
"  [ 141.587198283352166, -38.343527265059059 ] "
"  [ 144.66530973524678, -37.852313423718407 ] "
"  [ 145.017137927129426, -37.857629804059272 ] "
"  [ 145.237111789853031, -38.223841210177 ] "
"  [ 144.342210164457214, -38.116955691670185 ] "
"  [ 144.519448398404649, -37.31203051450904 ] "
"  [ 145.258282566420519, -37.809689478128419 ] "
"  [ 144.916158087809265, -37.706350281593906 ] "
"  [ 144.977479814083154, -37.646897638481235 ] "
"  [ 145.116277098241085, -37.929984953719661 ] "
"  [ 144.966236507589372, -37.67818961195433 ] "
"  [ 143.06870268642578, -36.471020099701889 ] "
"  [ 141.447609083522309, -36.716542182429983 ] "
"  [ 145.383222254542716, -37.872771406065581 ] "
"  [ 144.702681839959183, -37.290702579465986 ] "
"  [ 144.702681839959183, -37.290702579465986 ] "
"  [ 143.723147321690504, -37.104567280433649 ] "
"  [ 144.090850386301668, -37.90626974010226 ] "
"  [ 141.836850931475823, -37.840032879791956 ] "
"  [ 144.087370021080659, -35.794012220480553 ] "
"  [ 145.254762763131367, -37.798646613609073 ] "
"  [ 143.835895511210481, -37.906709474331613 ] "
"  [ 143.840353597275225, -37.341968317779113 ] "
"  [ 144.965343473027644, -37.733990602059137 ] "
"  [ 144.45058563063759, -37.719759492284474 ] "
"  [ 145.115660672301686, -38.051715240940069 ] "
"  [ 145.355120507522201, -35.88462971919963 ] "
"  [ 145.316751332056242, -38.153279769081976 ] "
"  [ 145.100587226281846, -37.820733999805995 ] "
"  [ 145.493030003781399, -37.775459975941715 ] "
"  [ 147.108931793462091, -36.278879482482282 ] "
"  [ 145.222049645387585, -37.970891892094812 ] "
"  [ 142.799231300484621, -34.614749242018995 ] "
"  [ 142.799231300484621, -34.614749242018995 ] "
"  [ 145.238984064404661, -38.463640156711776 ] "
"  [ 145.120805766691433, -38.144281877729497 ] "
"  [ 144.971909731580695, -37.405731895399107 ] "
"  [ 145.911491276265764, -38.570070148750126 ] "
"  [ 144.841693133597346, -38.376761433981095 ] "
"  [ 144.915464375324575, -37.703356318423502 ] "
"  [ 143.955621329150262, -36.224719962625826 ] "
"  [ 144.994418543502888, -37.792395408026358 ] "
"  [ 144.827789762013424, -38.396273263989947 ] "
"  [ 145.160803017713164, -38.166369744438477 ] "
"  [ 142.899032865432559, -37.231978831039399 ] "
"  [ 144.787058326955531, -37.771525885421482 ] "
"  [ 143.931806067513463, -37.600370041107283 ] "
"  [ 144.675880000455265, -36.298882966265303 ] "
"  [ 145.146981598200313, -37.879680190601348 ] "
"  [ 143.032430580673918, -37.198871412187067 ] "
"  [ 144.202028904485474, -36.875501097416759 ] "
"  [ 144.743117666655564, -37.659491156023144 ] "
"  [ 142.496551669773879, -38.133333577277782 ] "
"  [ 145.498175161836201, -36.410580018374574 ] "
"  [ 145.446873911544287, -38.525420438495438 ] "
"  [ 147.717578140583214, -35.992578108416588 ] "
"  [ 143.16141365505527, -37.697507649351664 ] "
"  [ 143.16141365505527, -37.697507649351664 ] "
"  [ 145.072757366935178, -37.974843321120915 ] "
"  [ 144.803269176095597, -37.744634350491715 ] "
"  [ 145.060377930169011, -37.91389784533964 ] "
"  [ 145.405197737850813, -37.808310571883567 ] "
"  [ 144.344322166154171, -38.106010250246896 ] "
"  [ 144.893476005114621, -37.792385914907335 ] "
"  [ 144.33806033811544, -38.131937017760336 ] "
"  [ 145.145597371741275, -38.338818604234312 ] "
"  [ 145.145597371741275, -38.338818604234312 ] "
"  [ 145.153606813210445, -37.944774712972546 ] "
"  [ 143.610391175300038, -38.026926606302482 ] "
"  [ 143.610391175300038, -38.026926606302482 ] "
"  [ 143.610391175300038, -38.026926606302482 ] "
"  [ 145.509938761921035, -37.64694607653886 ] "
"  [ 142.406396661873373, -34.562129674169562 ] "
"  [ 141.637519583262019, -36.689089611970509 ] "
"  [ 147.696993990841776, -37.900303331522117 ] "
"  [ 142.20755658960735, -34.515920244455344 ] "
"  [ 145.491648509296255, -38.206040607411062 ] "
"  [ 145.073686239078626, -37.976069538822692 ] "
"  [ 142.195880402753289, -34.305977913964469 ] "
"  [ 145.096239179294969, -38.17916400915189 ] "
"  [ 145.096239179294969, -38.17916400915189 ] "
"  [ 144.8031887664267, -37.773811481918067 ] "
"  [ 145.112729417061104, -37.905302926009483 ] "
"  [ 144.370822940389985, -38.062038492110219 ] "
"  [ 145.129599431968728, -37.899652918310125 ] "
"  [ 143.630631477729253, -36.428748907016164 ] "
"  [ 145.27009480322161, -38.021880532838118 ] "
"  [ 144.265265917398921, -36.782611824462172 ] "
"  [ 145.528917676416512, -38.307631653574084 ] "
"  [ 146.828120492933238, -36.493880937095597 ] "
"  [ 144.833389991045465, -36.596755375812741 ] "
"  [ 145.701109466401618, -37.194390005981077 ] "
"  [ 144.659455379940027, -37.800946201582882 ] "
"  [ 145.149639432337665, -37.902331048620361 ] "
"  [ 145.155418557835986, -37.904871053263633 ] "
"  [ 144.999388684945387, -38.473186940875586 ] "
"  [ 144.728529366562896, -37.870477832770902 ] "
"  [ 143.734873264520331, -37.047907677558584 ] "
"  [ 144.956110490017664, -37.805892045103654 ] "
"  [ 142.765018206514611, -35.363219926443946 ] "
"  [ 144.286249023564608, -36.754059127837031 ] "
"  [ 144.748873215800103, -37.739639044175952 ] "
"  [ 143.893307634839715, -37.422361130776203 ] "
"  [ 144.343874407727327, -38.108376756158698 ] "
"  [ 144.343874407727327, -38.108376756158698 ] "
"  [ 145.089758511231594, -37.835006706313997 ] "
"  [ 144.651318186779719, -37.902998827528975 ] "
"  [ 142.208890019335541, -36.711692421739457 ] "
"  [ 142.115813554778413, -36.562509939712427 ] "
"  [ 145.12298458121839, -37.777537483641936 ] "
"  [ 147.065374781728394, -38.103254028869152 ] "
"  [ 144.882234813269207, -37.689646034004753 ] "
"  [ 145.320288803703477, -37.736552614645063 ] "
"  [ 145.140144295668421, -37.916147638448095 ] "
"  [ 145.388784447992208, -36.487576605562715 ] "
"  [ 145.227317231005657, -37.810624184565327 ] "
"  [ 144.774626605633927, -37.696003038283045 ] "
"  [ 145.19431903311164, -38.115665094226287 ] "
"  [ 145.467294401629232, -38.069705930070292 ] "
"  [ 143.917406133017693, -37.559092515860549 ] "
"  [ 144.135469564481099, -37.115565923155302 ] "
"  [ 144.925279716584072, -37.660169763864609 ] "
"  [ 144.84931462134, -37.779383135480799 ] "
"  [ 145.28320372789068, -38.098259950116763 ] "
"  [ 145.28320372789068, -38.098259950116763 ] "
"  [ 145.138768414472025, -37.02387708040235 ] "
"  [ 146.912456456851118, -36.128240556961245 ] "
"  [ 145.022600209044839, -37.765718791242854 ] "
"  [ 144.999566514778905, -37.764682446733538 ] "
"  [ 145.142676184926785, -37.979908326438164 ] "
"  [ 144.605912423381398, -37.893293063553124 ] "
"  [ 145.021409803003252, -37.889858004934403 ] "
"  [ 145.168882382164924, -37.839126775212655 ] "
"  [ 145.134554305205796, -37.915678426025345 ] "
"  [ 144.953196492508198, -37.816998051711273 ] "
"  [ 144.928832915392604, -37.633063364198506 ] "
"  [ 145.431861281778623, -36.168881433168835 ] "
"  [ 145.431861281778623, -36.168881433168835 ] "
"  [ 145.267877608011901, -38.014403241360633 ] "
"  [ 144.579652283356666, -37.479306854468312 ] "
"  [ 145.326793946450067, -37.151863630150629 ] "
"  [ 146.434037025445491, -37.817041150295879 ] "
"  [ 146.434037025445491, -37.817041150295879 ] "
"  [ 144.529564397441021, -37.341886978334493 ] "
"  [ 145.414127672410444, -36.400790488547493 ] "
"  [ 142.831631994526361, -35.056293004848477 ] "
"  [ 144.780425118469253, -37.735892017445146 ] "
"  [ 146.377090658499554, -38.148960947003161 ] "
"  [ 146.377090658499554, -38.148960947003161 ] "
"  [ 144.001825571031503, -36.603538556670124 ] "
"  [ 145.113595510863234, -37.897840728532977 ] "
"  [ 145.113595510863234, -37.897840728532977 ] "
"  [ 144.787829446304897, -37.715881416588104 ] "
"  [ 145.693080159156096, -35.959323178524997 ] "
"  [ 145.21468753266285, -38.252875685748641 ] "
"  [ 141.192663259643268, -37.010216076326785 ] "
"  [ 143.351481343747253, -38.430793657910613 ] "
"  [ 145.761455617450167, -38.406150583554819 ] "
"  [ 145.424791862844899, -37.770051207012386 ] "
"  [ 144.348371523482712, -38.085106711693548 ] "
"  [ 144.764618224514237, -37.602191277642483 ] "
"  [ 144.764618224514237, -37.602191277642483 ] "
"  [ 144.109370785420936, -36.74627282950425 ] "
"  [ 145.31837644149789, -38.159968647237314 ] "
"  [ 142.340044910139483, -36.843065780499721 ] "
"  [ 146.861815504224808, -36.40432736618714 ] "
"  [ 146.806814417402336, -38.094096917814795 ] "
"  [ 146.7362031252311, -36.57002479055128 ] "
"  [ 142.436110939681441, -36.300375025819932 ] "
"  [ 144.798420492925629, -37.6316340659438 ] "
"  [ 146.323669669007558, -38.213608373562415 ] "
"  [ 143.890234838200314, -37.629257011133596 ] "
"  [ 144.393044982770931, -37.829989427880292 ] "
"  [ 144.393044982770931, -37.829989427880292 ] "
"  [ 144.791374996266683, -38.363759971627665 ] "
"  [ 147.194273998209354, -36.060520654987414 ] "
"  [ 144.154293518759459, -36.787305467435637 ] "
"  [ 142.332139958715089, -34.501423122940999 ] "
"  [ 145.100881730671006, -38.266839631339359 ] "
"  [ 145.119303745411031, -37.763572878263979 ] "
"  [ 144.693303090104308, -37.907868585098008 ] "
"  [ 142.315472687506855, -37.655244118472432 ] "
"  [ 145.787762889534378, -38.177685097466679 ] "
"  [ 146.151390165363637, -38.208036862700872 ] "
"  [ 144.818998288054303, -37.805820918293605 ] "
"  [ 145.138699545282236, -38.125286065449437 ] "
"  [ 144.808087397599422, -37.811938017029561 ] "
"  [ 144.713605150614683, -37.879234052674853 ] "
"  [ 145.951947841068318, -38.492062395010549 ] "
"  [ 145.150337510232276, -38.300086718045641 ] "
"  [ 145.427554675195239, -37.78191575148373 ] "
"  [ 145.432309867139281, -38.087358265240269 ] "
"  [ 144.983338988025423, -37.878387560106106 ] "
"  [ 142.951131398882069, -37.285917268669884 ] "
"  [ 144.436976353286639, -37.679807564379537 ] "
"  [ 144.484306185740508, -38.273244886452865 ] "
"  [ 147.186669903137528, -36.354743284310295 ] "
"  [ 144.345177372002155, -38.101544881638617 ] "
"  [ 145.125580560464385, -38.093644078348362 ] "
"  [ 144.799001510141323, -37.744119494928817 ] "
"  [ 145.195879691614039, -38.103710825925269 ] "
"  [ 145.277422414856829, -37.489433729063101 ] "
"  [ 143.446779228368655, -38.48918110181306 ] "
"  [ 144.266587985841795, -36.740007340878677 ] "
"  [ 144.424081628446118, -37.786701834018636 ] "
"  [ 143.714889547134391, -38.633828939768129 ] "
"  [ 144.951816505158661, -37.647591664902045 ] "
"  [ 144.846493867845851, -37.742569730125297 ] "
"  [ 145.019488278268341, -37.650462125967309 ] "
"  [ 142.178217212375102, -36.701924340572532 ] "
"  [ 144.228226457545787, -36.958591328225815 ] "
"  [ 145.13567862438714, -37.977896652860807 ] "
"  [ 145.15130494545275, -37.957338505354109 ] "
"  [ 145.005878286435433, -37.884637288655952 ] "
"  [ 144.340386164511955, -36.794411892237534 ] "
"  [ 143.954167871405275, -37.372617386642879 ] "
"  [ 143.954167871405275, -37.372617386642879 ] "
"  [ 144.292142849624724, -38.066519555830133 ] "
"  [ 144.916531083755075, -37.687463140589152 ] "
"  [ 144.992081120483419, -37.726251477859932 ] "
"  [ 144.992081120483419, -37.726251477859932 ] "
"  [ 144.344554622660695, -38.151954901709779 ] "
"  [ 145.774874146002986, -37.245801734444235 ] "
"  [ 145.442272691011226, -38.526880218000414 ] "
"  [ 144.195068543205309, -37.069053715602308 ] "
"  [ 145.04612898763952, -37.887273022407697 ] "
"  [ 142.514262073320168, -36.917936651179637 ] "
"  [ 145.128700371688467, -38.145833826152824 ] "
"  [ 144.830371078071721, -38.373614713566212 ] "
"  [ 144.830371078071721, -38.373614713566212 ] "
"  [ 143.826438407369693, -37.203101773101025 ] "
"  [ 144.794372781547651, -37.031290755939963 ] "
"  [ 144.190451424735699, -37.334361816343105 ] "
"  [ 146.286832068037654, -38.186720022334441 ] "
"  [ 145.982286396892476, -38.577137335313722 ] "
"  [ 144.126718334746499, -37.312289401884392 ] "
"  [ 145.347543696534757, -37.894379113231558 ] "
"  [ 142.809478712776809, -37.894561239319827 ] "
"  [ 143.735383424686404, -37.048405774691773 ] "
"  [ 145.826591552878682, -36.601193300054021 ] "
"  [ 142.565187751786652, -38.388257807241793 ] "
"  [ 145.07142317908324, -38.287270643137767 ] "
"  [ 144.222315880834486, -36.960190334436113 ] "
"  [ 145.068576136779654, -36.142477826145551 ] "
"  [ 145.002820543186886, -37.745237938664722 ] "
"  [ 145.002820543186886, -37.745237938664722 ] "
"  [ 142.432512550180007, -38.353163245456216 ] "
"  [ 142.921969270469276, -38.177217476096118 ] "
"  [ 141.184217327630051, -37.074934113814201 ] "
"  [ 146.426256669703292, -38.246200566226086 ] "
"  [ 142.074300095959558, -37.962635125253293 ] "
"  [ 145.235983639361592, -37.968319808212186 ] "
"  [ 145.014720483652923, -37.675576185437926 ] "
"  [ 142.215414842914356, -36.703496745461017 ] "
"  [ 144.889008743109855, -38.378812064875213 ] "
"  [ 145.277380273845608, -36.434316601747874 ] "
"  [ 145.142809665086418, -37.916701837601664 ] "
"  [ 145.128103884148089, -38.025522194596881 ] "
"  [ 146.083953383315219, -37.331294028296732 ] "
"  [ 145.899368048399737, -38.566314779498974 ] "
"  [ 147.607980986135601, -37.83273077988882 ] "
"  [ 146.548254456950133, -38.257919869491133 ] "
"  [ 144.438811511104348, -38.280970550211237 ] "
"  [ 145.006300293992297, -37.782218983890175 ] "
"  [ 142.043442823009315, -37.737812487753025 ] "
"  [ 145.124734971587799, -38.122207362440427 ] "
"  [ 145.13465548340497, -38.157540197204071 ] "
"  [ 144.857441164625186, -38.369223322156252 ] "
"  [ 145.253368713847664, -37.893637953847048 ] "
"  [ 145.351288680835154, -37.868441510308479 ] "
"  [ 146.551440455184235, -38.198753458707507 ] "
"  [ 142.80167319179057, -37.035825219386865 ] "
"  [ 144.355369711054294, -38.098864474563435 ] "
"  [ 144.336790537366483, -38.138492928407501 ] "
"  [ 145.177914937646392, -38.299909386188503 ] "
"  [ 145.954721790243354, -38.554610719378367 ] "
"  [ 144.937139172337908, -37.784108191482559 ] "
"  [ 144.982520461143366, -37.855976189616619 ] "
"  [ 142.74535845240456, -37.079301213698301 ] "
"  [ 145.465702835611893, -36.397758548346488 ] "
"  [ 142.136776680924612, -34.203686923097202 ] "
"  [ 143.675620470972518, -36.773175236073456 ] "
"  [ 142.510603677974302, -38.321016640715598 ] "
"  [ 144.567177513495324, -37.68953898390145 ] "
"  [ 145.028864389763584, -37.80736410665898 ] "
"  [ 145.161678349821187, -37.853880051836754 ] "
"  [ 145.161034907373022, -38.177262929240186 ] "
"  [ 144.230530029636157, -36.945652413034523 ] "
"  [ 144.230530029636157, -36.945652413034523 ] "
"  [ 145.211259924372143, -37.685459997644436 ] "
"  [ 144.240279653717806, -36.811045563524253 ] "
"  [ 144.766846494762262, -37.157770415197959 ] "
"  [ 144.797178589558854, -37.83914482303841 ] "
"  [ 145.017064190542641, -37.668136160358308 ] "
"  [ 141.155322487144019, -36.842395970998552 ] "
"  [ 145.050836024822303, -37.790848927446106 ] "
"  [ 145.050836024822303, -37.790848927446106 ] "
"  [ 145.050836024822303, -37.790848927446106 ] "
"  [ 145.050836024822303, -37.790848927446106 ] "
"  [ 145.378244089013521, -37.680490441352106 ] "
"  [ 142.822018733288019, -37.126250771081708 ] "
"  [ 144.649158749485139, -37.904667697859161 ] "
"  [ 144.131815821629488, -37.448471096150925 ] "
"  [ 145.083728965035903, -37.891600707106861 ] "
"  [ 144.894429357375913, -37.803598558402889 ] "
"  [ 144.948127600026396, -36.355364618459767 ] "
"  [ 147.026815776884604, -37.976652981277134 ] "
"  [ 147.026815776884604, -37.976652981277134 ] "
"  [ 141.457414421692221, -37.198791487446861 ] "
"  [ 147.717143195647651, -37.911553759694542 ] "
"  [ 145.067768342966929, -36.324380353745894 ] "
"  [ 145.04833237738481, -37.987941338492853 ] "
"  [ 145.266124976519393, -37.835476509202017 ] "
"  [ 145.544825696184148, -37.983600243147997 ] "
"  [ 144.175997016532591, -36.810842442351486 ] "
"  [ 144.348639063894893, -38.14643484783744 ] "
"  [ 144.240033429382407, -36.831961209041758 ] "
"  [ 145.227200063082137, -37.704704656727436 ] "
"  [ 145.593142703194928, -37.8651398149903 ] "
"  [ 145.107683441829749, -37.867426052189863 ] "
"  [ 145.002467482023803, -37.818901818062869 ] "
"  [ 146.295864376274665, -36.417253644347589 ] "
"  [ 146.295864376274665, -36.417253644347589 ] "
"  [ 145.24166245669889, -37.978558007802867 ] "
"  [ 145.100256303394133, -37.707318836466442 ] "
"  [ 146.550798335526565, -38.204515641759095 ] "
"  [ 145.546271836204056, -37.971644909697915 ] "
"  [ 144.389108077843957, -38.183081124349165 ] "
"  [ 145.151148560383689, -37.962267164810591 ] "
"  [ 145.260968947393991, -38.204015794801187 ] "
"  [ 146.358404701774418, -36.765778788497173 ] "
"  [ 148.574166408234163, -37.455788240891657 ] "